[
    {
        "key": "group_60c02f345da2c",
        "title": "Modulos",
        "fields": [
            {
                "key": "field_60c02f3716c95",
                "label": "Modulos",
                "name": "modulos",
                "type": "flexible_content",
                "instructions": "",
                "required": 0,
                "conditional_logic": 0,
                "wrapper": {
                    "width": "",
                    "class": "",
                    "id": ""
                },
                "layouts": {
                    "layout_60c02f430b92f": {
                        "key": "layout_60c02f430b92f",
                        "name": "espacio",
                        "label": "Espacio",
                        "display": "block",
                        "sub_fields": [
                            {
                                "key": "field_60c02f9016c96",
                                "label": "altura",
                                "name": "altura",
                                "type": "number",
                                "instructions": "",
                                "required": 0,
                                "conditional_logic": 0,
                                "wrapper": {
                                    "width": "",
                                    "class": "",
                                    "id": ""
                                },
                                "default_value": 100,
                                "placeholder": "",
                                "prepend": "",
                                "append": "",
                                "min": "",
                                "max": "",
                                "step": ""
                            },
                            {
                                "key": "field_60c0302d16c97",
                                "label": "visibilidad",
                                "name": "visibilidad",
                                "type": "select",
                                "instructions": "",
                                "required": 0,
                                "conditional_logic": 0,
                                "wrapper": {
                                    "width": "",
                                    "class": "",
                                    "id": ""
                                },
                                "choices": {
                                    "both": "Ambos",
                                    "desk": "Escritorio",
                                    "mov": "Móvil"
                                },
                                "default_value": false,
                                "allow_null": 0,
                                "multiple": 0,
                                "ui": 0,
                                "return_format": "value",
                                "ajax": 0,
                                "placeholder": ""
                            }
                        ],
                        "min": "",
                        "max": ""
                    },
                    "layout_60c0306d16c99": {
                        "key": "layout_60c0306d16c99",
                        "name": "inicio_background",
                        "label": "Inicio Background",
                        "display": "block",
                        "sub_fields": [
                            {
                                "key": "field_60c0307b16c9a",
                                "label": "color",
                                "name": "color",
                                "type": "color_picker",
                                "instructions": "",
                                "required": 0,
                                "conditional_logic": 0,
                                "wrapper": {
                                    "width": "",
                                    "class": "",
                                    "id": ""
                                },
                                "default_value": ""
                            },
                            {
                                "key": "field_60c0308a16c9b",
                                "label": "imagen",
                                "name": "imagen",
                                "type": "image",
                                "instructions": "",
                                "required": 0,
                                "conditional_logic": 0,
                                "wrapper": {
                                    "width": "",
                                    "class": "",
                                    "id": ""
                                },
                                "return_format": "url",
                                "preview_size": "medium",
                                "library": "all",
                                "min_width": "",
                                "min_height": "",
                                "min_size": "",
                                "max_width": "",
                                "max_height": "",
                                "max_size": "",
                                "mime_types": ""
                            }
                        ],
                        "min": "",
                        "max": ""
                    },
                    "layout_60c0309616c9c": {
                        "key": "layout_60c0309616c9c",
                        "name": "fin_background",
                        "label": "Fin Background",
                        "display": "block",
                        "sub_fields": [],
                        "min": "",
                        "max": ""
                    },
                    "layout_60c030b9a8ea8": {
                        "key": "layout_60c030b9a8ea8",
                        "name": "banner",
                        "label": "Banner",
                        "display": "block",
                        "sub_fields": [
                            {
                                "key": "field_60c1a30529fa7",
                                "label": "banner slide",
                                "name": "banner_slide",
                                "type": "repeater",
                                "instructions": "",
                                "required": 0,
                                "conditional_logic": 0,
                                "wrapper": {
                                    "width": "",
                                    "class": "",
                                    "id": ""
                                },
                                "collapsed": "",
                                "min": 0,
                                "max": 0,
                                "layout": "block",
                                "button_label": "",
                                "sub_fields": [
                                    {
                                        "key": "field_60c1a2d13d841",
                                        "label": "imagen fondo",
                                        "name": "imagen_fondo",
                                        "type": "image",
                                        "instructions": "",
                                        "required": 0,
                                        "conditional_logic": 0,
                                        "wrapper": {
                                            "width": "",
                                            "class": "",
                                            "id": ""
                                        },
                                        "return_format": "url",
                                        "preview_size": "medium",
                                        "library": "all",
                                        "min_width": "",
                                        "min_height": "",
                                        "min_size": "",
                                        "max_width": "",
                                        "max_height": "",
                                        "max_size": "",
                                        "mime_types": ""
                                    },
                                    {
                                        "key": "field_60c030f5a8ea9",
                                        "label": "contenido",
                                        "name": "contenido",
                                        "type": "wysiwyg",
                                        "instructions": "",
                                        "required": 0,
                                        "conditional_logic": 0,
                                        "wrapper": {
                                            "width": "",
                                            "class": "",
                                            "id": ""
                                        },
                                        "default_value": "",
                                        "tabs": "all",
                                        "toolbar": "full",
                                        "media_upload": 1,
                                        "delay": 0
                                    }
                                ]
                            }
                        ],
                        "min": "",
                        "max": ""
                    },
                    "layout_60c03285a8eb1": {
                        "key": "layout_60c03285a8eb1",
                        "name": "texto_imagen",
                        "label": "texto imagen",
                        "display": "block",
                        "sub_fields": [
                            {
                                "key": "field_60c032c6a8eb4",
                                "label": "imagen fondo",
                                "name": "imagen_fondo",
                                "type": "image",
                                "instructions": "",
                                "required": 0,
                                "conditional_logic": 0,
                                "wrapper": {
                                    "width": "",
                                    "class": "",
                                    "id": ""
                                },
                                "return_format": "url",
                                "preview_size": "medium",
                                "library": "all",
                                "min_width": "",
                                "min_height": "",
                                "min_size": "",
                                "max_width": "",
                                "max_height": "",
                                "max_size": "",
                                "mime_types": ""
                            },
                            {
                                "key": "field_60c032b2a8eb2",
                                "label": "texto",
                                "name": "contenido",
                                "type": "wysiwyg",
                                "instructions": "",
                                "required": 0,
                                "conditional_logic": 0,
                                "wrapper": {
                                    "width": "",
                                    "class": "",
                                    "id": ""
                                },
                                "default_value": "",
                                "tabs": "all",
                                "toolbar": "full",
                                "media_upload": 1,
                                "delay": 0
                            },
                            {
                                "key": "field_60c0380b9ce4f",
                                "label": "posicion texto",
                                "name": "posicion_texto",
                                "type": "select",
                                "instructions": "",
                                "required": 0,
                                "conditional_logic": 0,
                                "wrapper": {
                                    "width": "",
                                    "class": "",
                                    "id": ""
                                },
                                "choices": {
                                    "izq": "izquierda",
                                    "der": "derecha"
                                },
                                "default_value": false,
                                "allow_null": 0,
                                "multiple": 0,
                                "ui": 0,
                                "return_format": "value",
                                "ajax": 0,
                                "placeholder": ""
                            }
                        ],
                        "min": "",
                        "max": ""
                    },
                    "layout_60c032eea8eb5": {
                        "key": "layout_60c032eea8eb5",
                        "name": "texto_libre",
                        "label": "texto libre",
                        "display": "block",
                        "sub_fields": [
                            {
                                "key": "field_60c032f5a8eb6",
                                "label": "ancho maximo",
                                "name": "ancho_maximo",
                                "type": "select",
                                "instructions": "",
                                "required": 0,
                                "conditional_logic": 0,
                                "wrapper": {
                                    "width": "",
                                    "class": "",
                                    "id": ""
                                },
                                "choices": {
                                    "h100vw": "100%",
                                    "h75vw": "75%",
                                    "h50vw": "50%"
                                },
                                "default_value": false,
                                "allow_null": 0,
                                "multiple": 0,
                                "ui": 0,
                                "return_format": "value",
                                "ajax": 0,
                                "placeholder": ""
                            },
                            {
                                "key": "field_60c03977388e6",
                                "label": "texto",
                                "name": "texto",
                                "type": "wysiwyg",
                                "instructions": "",
                                "required": 0,
                                "conditional_logic": 0,
                                "wrapper": {
                                    "width": "",
                                    "class": "",
                                    "id": ""
                                },
                                "default_value": "",
                                "tabs": "all",
                                "toolbar": "full",
                                "media_upload": 1,
                                "delay": 0
                            }
                        ],
                        "min": "",
                        "max": ""
                    },
                    "layout_60c1b7fe0d0c8": {
                        "key": "layout_60c1b7fe0d0c8",
                        "name": "equipo",
                        "label": "equipo",
                        "display": "block",
                        "sub_fields": [
                            {
                                "key": "field_60c79759925d0",
                                "label": "ancho",
                                "name": "ancho",
                                "type": "select",
                                "instructions": "",
                                "required": 0,
                                "conditional_logic": 0,
                                "wrapper": {
                                    "width": "",
                                    "class": "",
                                    "id": ""
                                },
                                "choices": {
                                    "w4": "4 cuadros",
                                    "w3": "3 cuadros"
                                },
                                "default_value": "w4",
                                "allow_null": 0,
                                "multiple": 0,
                                "ui": 0,
                                "return_format": "value",
                                "ajax": 0,
                                "placeholder": ""
                            },
                            {
                                "key": "field_60c1b8120d0c9",
                                "label": "equipo",
                                "name": "equipo",
                                "type": "repeater",
                                "instructions": "",
                                "required": 0,
                                "conditional_logic": 0,
                                "wrapper": {
                                    "width": "",
                                    "class": "",
                                    "id": ""
                                },
                                "collapsed": "",
                                "min": 0,
                                "max": 0,
                                "layout": "table",
                                "button_label": "",
                                "sub_fields": [
                                    {
                                        "key": "field_60c1b8250d0ca",
                                        "label": "imagen",
                                        "name": "imagen",
                                        "type": "image",
                                        "instructions": "",
                                        "required": 0,
                                        "conditional_logic": 0,
                                        "wrapper": {
                                            "width": "15",
                                            "class": "",
                                            "id": ""
                                        },
                                        "return_format": "url",
                                        "preview_size": "medium",
                                        "library": "all",
                                        "min_width": "",
                                        "min_height": "",
                                        "min_size": "",
                                        "max_width": "",
                                        "max_height": "",
                                        "max_size": "",
                                        "mime_types": ""
                                    },
                                    {
                                        "key": "field_60c1b8320d0cb",
                                        "label": "titulo",
                                        "name": "titulo",
                                        "type": "textarea",
                                        "instructions": "",
                                        "required": 0,
                                        "conditional_logic": 0,
                                        "wrapper": {
                                            "width": "20",
                                            "class": "",
                                            "id": ""
                                        },
                                        "default_value": "",
                                        "placeholder": "",
                                        "maxlength": "",
                                        "rows": 3,
                                        "new_lines": "br"
                                    },
                                    {
                                        "key": "field_60c1b8420d0cc",
                                        "label": "descripcion",
                                        "name": "descripcion",
                                        "type": "wysiwyg",
                                        "instructions": "",
                                        "required": 0,
                                        "conditional_logic": 0,
                                        "wrapper": {
                                            "width": "65",
                                            "class": "",
                                            "id": ""
                                        },
                                        "default_value": "",
                                        "tabs": "all",
                                        "toolbar": "full",
                                        "media_upload": 0,
                                        "delay": 0
                                    }
                                ]
                            },
                            {
                                "key": "field_60c1b8dbdd437",
                                "label": "label boton",
                                "name": "label_boton",
                                "type": "text",
                                "instructions": "",
                                "required": 0,
                                "conditional_logic": 0,
                                "wrapper": {
                                    "width": "50",
                                    "class": "",
                                    "id": ""
                                },
                                "default_value": "",
                                "placeholder": "",
                                "prepend": "",
                                "append": "",
                                "maxlength": ""
                            },
                            {
                                "key": "field_60c1b8e0dd438",
                                "label": "enlace boton",
                                "name": "enlace_boton",
                                "type": "text",
                                "instructions": "",
                                "required": 0,
                                "conditional_logic": 0,
                                "wrapper": {
                                    "width": "50",
                                    "class": "",
                                    "id": ""
                                },
                                "default_value": "",
                                "placeholder": "",
                                "prepend": "",
                                "append": "",
                                "maxlength": ""
                            }
                        ],
                        "min": "",
                        "max": ""
                    },
                    "layout_60c1c10e0deb0": {
                        "key": "layout_60c1c10e0deb0",
                        "name": "cajas_desplazadas",
                        "label": "cajas desplazadas",
                        "display": "block",
                        "sub_fields": [
                            {
                                "key": "field_60c1c18f0deb1",
                                "label": "caja",
                                "name": "caja",
                                "type": "repeater",
                                "instructions": "",
                                "required": 0,
                                "conditional_logic": 0,
                                "wrapper": {
                                    "width": "",
                                    "class": "",
                                    "id": ""
                                },
                                "collapsed": "",
                                "min": 0,
                                "max": 0,
                                "layout": "table",
                                "button_label": "",
                                "sub_fields": [
                                    {
                                        "key": "field_60c1c19a0deb2",
                                        "label": "imagen",
                                        "name": "imagen",
                                        "type": "image",
                                        "instructions": "",
                                        "required": 0,
                                        "conditional_logic": 0,
                                        "wrapper": {
                                            "width": "",
                                            "class": "",
                                            "id": ""
                                        },
                                        "return_format": "url",
                                        "preview_size": "medium",
                                        "library": "all",
                                        "min_width": "",
                                        "min_height": "",
                                        "min_size": "",
                                        "max_width": "",
                                        "max_height": "",
                                        "max_size": "",
                                        "mime_types": ""
                                    },
                                    {
                                        "key": "field_60c1c1a30deb3",
                                        "label": "titulo",
                                        "name": "titulo",
                                        "type": "textarea",
                                        "instructions": "",
                                        "required": 0,
                                        "conditional_logic": 0,
                                        "wrapper": {
                                            "width": "",
                                            "class": "",
                                            "id": ""
                                        },
                                        "default_value": "",
                                        "placeholder": "",
                                        "maxlength": "",
                                        "rows": 3,
                                        "new_lines": "br"
                                    },
                                    {
                                        "key": "field_60c1c1ae0deb4",
                                        "label": "label boton",
                                        "name": "label_boton",
                                        "type": "text",
                                        "instructions": "",
                                        "required": 0,
                                        "conditional_logic": 0,
                                        "wrapper": {
                                            "width": "",
                                            "class": "",
                                            "id": ""
                                        },
                                        "default_value": "",
                                        "placeholder": "",
                                        "prepend": "",
                                        "append": "",
                                        "maxlength": ""
                                    },
                                    {
                                        "key": "field_60c1c1b60deb5",
                                        "label": "enlace boton",
                                        "name": "enlace_boton",
                                        "type": "text",
                                        "instructions": "",
                                        "required": 0,
                                        "conditional_logic": 0,
                                        "wrapper": {
                                            "width": "",
                                            "class": "",
                                            "id": ""
                                        },
                                        "default_value": "",
                                        "placeholder": "",
                                        "prepend": "",
                                        "append": "",
                                        "maxlength": ""
                                    }
                                ]
                            }
                        ],
                        "min": "",
                        "max": ""
                    },
                    "layout_60c1c493645e1": {
                        "key": "layout_60c1c493645e1",
                        "name": "slider_central",
                        "label": "slider central",
                        "display": "block",
                        "sub_fields": [
                            {
                                "key": "field_60c1c49c645e2",
                                "label": "slider",
                                "name": "slider",
                                "type": "repeater",
                                "instructions": "",
                                "required": 0,
                                "conditional_logic": 0,
                                "wrapper": {
                                    "width": "",
                                    "class": "",
                                    "id": ""
                                },
                                "collapsed": "",
                                "min": 0,
                                "max": 0,
                                "layout": "table",
                                "button_label": "",
                                "sub_fields": [
                                    {
                                        "key": "field_60c1c4a5645e3",
                                        "label": "imagen",
                                        "name": "imagen",
                                        "type": "image",
                                        "instructions": "",
                                        "required": 0,
                                        "conditional_logic": 0,
                                        "wrapper": {
                                            "width": "30",
                                            "class": "",
                                            "id": ""
                                        },
                                        "return_format": "url",
                                        "preview_size": "medium",
                                        "library": "all",
                                        "min_width": "",
                                        "min_height": "",
                                        "min_size": "",
                                        "max_width": "",
                                        "max_height": "",
                                        "max_size": "",
                                        "mime_types": ""
                                    },
                                    {
                                        "key": "field_60c1c4c6645e4",
                                        "label": "contenido",
                                        "name": "contenido",
                                        "type": "wysiwyg",
                                        "instructions": "",
                                        "required": 0,
                                        "conditional_logic": 0,
                                        "wrapper": {
                                            "width": "70",
                                            "class": "",
                                            "id": ""
                                        },
                                        "default_value": "",
                                        "tabs": "all",
                                        "toolbar": "full",
                                        "media_upload": 0,
                                        "delay": 0
                                    }
                                ]
                            }
                        ],
                        "min": "",
                        "max": ""
                    },
                    "layout_60c1c8dedcf2f": {
                        "key": "layout_60c1c8dedcf2f",
                        "name": "separacion_corte_color",
                        "label": "separacion corte color",
                        "display": "block",
                        "sub_fields": [
                            {
                                "key": "field_60c1c8ebdcf30",
                                "label": "tipo",
                                "name": "tipo",
                                "type": "select",
                                "instructions": "",
                                "required": 0,
                                "conditional_logic": 0,
                                "wrapper": {
                                    "width": "",
                                    "class": "",
                                    "id": ""
                                },
                                "choices": {
                                    "black": "negro en top",
                                    "red": "rojo en top"
                                },
                                "default_value": false,
                                "allow_null": 0,
                                "multiple": 0,
                                "ui": 0,
                                "return_format": "value",
                                "ajax": 0,
                                "placeholder": ""
                            }
                        ],
                        "min": "",
                        "max": ""
                    },
                    "layout_60c1c9e74d81a": {
                        "key": "layout_60c1c9e74d81a",
                        "name": "alianzas",
                        "label": "alianzas",
                        "display": "block",
                        "sub_fields": [
                            {
                                "key": "field_60c1c9ee4d81b",
                                "label": "titulo",
                                "name": "titulo",
                                "type": "text",
                                "instructions": "",
                                "required": 0,
                                "conditional_logic": 0,
                                "wrapper": {
                                    "width": "",
                                    "class": "",
                                    "id": ""
                                },
                                "default_value": "",
                                "placeholder": "",
                                "prepend": "",
                                "append": "",
                                "maxlength": ""
                            },
                            {
                                "key": "field_60c1c9f64d81c",
                                "label": "alianza",
                                "name": "alianza",
                                "type": "repeater",
                                "instructions": "",
                                "required": 0,
                                "conditional_logic": 0,
                                "wrapper": {
                                    "width": "",
                                    "class": "",
                                    "id": ""
                                },
                                "collapsed": "",
                                "min": 0,
                                "max": 0,
                                "layout": "table",
                                "button_label": "",
                                "sub_fields": [
                                    {
                                        "key": "field_60c1ca024d81d",
                                        "label": "logo",
                                        "name": "logo",
                                        "type": "image",
                                        "instructions": "",
                                        "required": 0,
                                        "conditional_logic": 0,
                                        "wrapper": {
                                            "width": "",
                                            "class": "",
                                            "id": ""
                                        },
                                        "return_format": "url",
                                        "preview_size": "medium",
                                        "library": "all",
                                        "min_width": "",
                                        "min_height": "",
                                        "min_size": "",
                                        "max_width": "",
                                        "max_height": "",
                                        "max_size": "",
                                        "mime_types": ""
                                    },
                                    {
                                        "key": "field_60c1ca0b4d81e",
                                        "label": "enlace",
                                        "name": "enlace",
                                        "type": "text",
                                        "instructions": "",
                                        "required": 0,
                                        "conditional_logic": 0,
                                        "wrapper": {
                                            "width": "",
                                            "class": "",
                                            "id": ""
                                        },
                                        "default_value": "",
                                        "placeholder": "",
                                        "prepend": "",
                                        "append": "",
                                        "maxlength": ""
                                    }
                                ]
                            }
                        ],
                        "min": "",
                        "max": ""
                    },
                    "layout_60c1cd269d160": {
                        "key": "layout_60c1cd269d160",
                        "name": "contacto",
                        "label": "contacto",
                        "display": "block",
                        "sub_fields": [
                            {
                                "key": "field_60c1cd359d161",
                                "label": "titulo",
                                "name": "titulo",
                                "type": "textarea",
                                "instructions": "",
                                "required": 0,
                                "conditional_logic": 0,
                                "wrapper": {
                                    "width": "",
                                    "class": "",
                                    "id": ""
                                },
                                "default_value": "",
                                "placeholder": "",
                                "maxlength": "",
                                "rows": 3,
                                "new_lines": "br"
                            },
                            {
                                "key": "field_60c7a5ac4822b",
                                "label": "estilo",
                                "name": "estilo",
                                "type": "select",
                                "instructions": "",
                                "required": 0,
                                "conditional_logic": 0,
                                "wrapper": {
                                    "width": "",
                                    "class": "",
                                    "id": ""
                                },
                                "choices": {
                                    "black": "negro",
                                    "red": "rojo"
                                },
                                "default_value": "black",
                                "allow_null": 0,
                                "multiple": 0,
                                "ui": 0,
                                "return_format": "value",
                                "ajax": 0,
                                "placeholder": ""
                            }
                        ],
                        "min": "",
                        "max": ""
                    },
                    "layout_60c79da89ce3a": {
                        "key": "layout_60c79da89ce3a",
                        "name": "listado_puntos",
                        "label": "listado puntos",
                        "display": "block",
                        "sub_fields": [
                            {
                                "key": "field_60c79db89ce3b",
                                "label": "titulo",
                                "name": "titulo",
                                "type": "text",
                                "instructions": "",
                                "required": 0,
                                "conditional_logic": 0,
                                "wrapper": {
                                    "width": "",
                                    "class": "",
                                    "id": ""
                                },
                                "default_value": "",
                                "placeholder": "",
                                "prepend": "",
                                "append": "",
                                "maxlength": ""
                            },
                            {
                                "key": "field_60c79dc89ce3c",
                                "label": "puntos",
                                "name": "puntos",
                                "type": "repeater",
                                "instructions": "",
                                "required": 0,
                                "conditional_logic": 0,
                                "wrapper": {
                                    "width": "",
                                    "class": "",
                                    "id": ""
                                },
                                "collapsed": "",
                                "min": 0,
                                "max": 0,
                                "layout": "table",
                                "button_label": "",
                                "sub_fields": [
                                    {
                                        "key": "field_60c79dd79ce3d",
                                        "label": "numero",
                                        "name": "numero",
                                        "type": "text",
                                        "instructions": "",
                                        "required": 0,
                                        "conditional_logic": 0,
                                        "wrapper": {
                                            "width": "20",
                                            "class": "",
                                            "id": ""
                                        },
                                        "default_value": "",
                                        "placeholder": "",
                                        "prepend": "",
                                        "append": "",
                                        "maxlength": ""
                                    },
                                    {
                                        "key": "field_60c79ddd9ce3e",
                                        "label": "texto",
                                        "name": "texto",
                                        "type": "text",
                                        "instructions": "",
                                        "required": 0,
                                        "conditional_logic": 0,
                                        "wrapper": {
                                            "width": "80",
                                            "class": "",
                                            "id": ""
                                        },
                                        "default_value": "",
                                        "placeholder": "",
                                        "prepend": "",
                                        "append": "",
                                        "maxlength": ""
                                    }
                                ]
                            }
                        ],
                        "min": "",
                        "max": ""
                    },
                    "layout_60c7b45849f34": {
                        "key": "layout_60c7b45849f34",
                        "name": "descripcion_curso",
                        "label": "descripcion curso",
                        "display": "block",
                        "sub_fields": [
                            {
                                "key": "field_60c7c18a5ca42",
                                "label": "estilo",
                                "name": "estilo",
                                "type": "select",
                                "instructions": "",
                                "required": 0,
                                "conditional_logic": 0,
                                "wrapper": {
                                    "width": "",
                                    "class": "",
                                    "id": ""
                                },
                                "choices": {
                                    "black": "negro",
                                    "red": "rojo"
                                },
                                "default_value": "black",
                                "allow_null": 0,
                                "multiple": 0,
                                "ui": 0,
                                "return_format": "value",
                                "ajax": 0,
                                "placeholder": ""
                            },
                            {
                                "key": "field_60c7b46349f35",
                                "label": "icono",
                                "name": "icono",
                                "type": "image",
                                "instructions": "",
                                "required": 0,
                                "conditional_logic": 0,
                                "wrapper": {
                                    "width": "",
                                    "class": "",
                                    "id": ""
                                },
                                "return_format": "url",
                                "preview_size": "medium",
                                "library": "all",
                                "min_width": "",
                                "min_height": "",
                                "min_size": "",
                                "max_width": "",
                                "max_height": "",
                                "max_size": "",
                                "mime_types": ""
                            },
                            {
                                "key": "field_60c7b68f49f36",
                                "label": "descripcion",
                                "name": "descripcion",
                                "type": "wysiwyg",
                                "instructions": "",
                                "required": 0,
                                "conditional_logic": 0,
                                "wrapper": {
                                    "width": "",
                                    "class": "",
                                    "id": ""
                                },
                                "default_value": "",
                                "tabs": "all",
                                "toolbar": "full",
                                "media_upload": 1,
                                "delay": 0
                            },
                            {
                                "key": "field_60c7b69849f37",
                                "label": "titulo puntos",
                                "name": "titulo_puntos",
                                "type": "wysiwyg",
                                "instructions": "",
                                "required": 0,
                                "conditional_logic": 0,
                                "wrapper": {
                                    "width": "",
                                    "class": "",
                                    "id": ""
                                },
                                "default_value": "",
                                "tabs": "all",
                                "toolbar": "basic",
                                "media_upload": 0,
                                "delay": 0
                            },
                            {
                                "key": "field_60c7b6b549f38",
                                "label": "puntos",
                                "name": "puntos",
                                "type": "repeater",
                                "instructions": "",
                                "required": 0,
                                "conditional_logic": 0,
                                "wrapper": {
                                    "width": "",
                                    "class": "",
                                    "id": ""
                                },
                                "collapsed": "",
                                "min": 0,
                                "max": 0,
                                "layout": "table",
                                "button_label": "",
                                "sub_fields": [
                                    {
                                        "key": "field_60c7b6be49f39",
                                        "label": "punto",
                                        "name": "punto",
                                        "type": "text",
                                        "instructions": "",
                                        "required": 0,
                                        "conditional_logic": 0,
                                        "wrapper": {
                                            "width": "15",
                                            "class": "",
                                            "id": ""
                                        },
                                        "default_value": "",
                                        "placeholder": "",
                                        "prepend": "",
                                        "append": "",
                                        "maxlength": ""
                                    },
                                    {
                                        "key": "field_60c7b6cd49f3a",
                                        "label": "texto",
                                        "name": "texto",
                                        "type": "text",
                                        "instructions": "",
                                        "required": 0,
                                        "conditional_logic": 0,
                                        "wrapper": {
                                            "width": "85",
                                            "class": "",
                                            "id": ""
                                        },
                                        "default_value": "",
                                        "placeholder": "",
                                        "prepend": "",
                                        "append": "",
                                        "maxlength": ""
                                    }
                                ]
                            },
                            {
                                "key": "field_60c7b93d49f3b",
                                "label": "label boton mas",
                                "name": "label_boton_mas",
                                "type": "text",
                                "instructions": "",
                                "required": 0,
                                "conditional_logic": 0,
                                "wrapper": {
                                    "width": "50",
                                    "class": "",
                                    "id": ""
                                },
                                "default_value": "",
                                "placeholder": "",
                                "prepend": "",
                                "append": "",
                                "maxlength": ""
                            },
                            {
                                "key": "field_60c7b94449f3c",
                                "label": "enlace boton mas",
                                "name": "enlace_boton_mas",
                                "type": "text",
                                "instructions": "",
                                "required": 0,
                                "conditional_logic": 0,
                                "wrapper": {
                                    "width": "50",
                                    "class": "",
                                    "id": ""
                                },
                                "default_value": "",
                                "placeholder": "",
                                "prepend": "",
                                "append": "",
                                "maxlength": ""
                            }
                        ],
                        "min": "",
                        "max": ""
                    }
                },
                "button_label": "Add Row",
                "min": "",
                "max": ""
            }
        ],
        "location": [
            [
                {
                    "param": "post_type",
                    "operator": "==",
                    "value": "page"
                }
            ]
        ],
        "menu_order": 0,
        "position": "normal",
        "style": "default",
        "label_placement": "top",
        "instruction_placement": "label",
        "hide_on_screen": [
            "the_content"
        ],
        "active": true,
        "description": ""
    },
    {
        "key": "group_60c033e0b074c",
        "title": "Opciones",
        "fields": [
            {
                "key": "field_60c033eaac545",
                "label": "RRSS",
                "name": "",
                "type": "tab",
                "instructions": "",
                "required": 0,
                "conditional_logic": 0,
                "wrapper": {
                    "width": "",
                    "class": "",
                    "id": ""
                },
                "placement": "top",
                "endpoint": 0
            },
            {
                "key": "field_60c033f4ac546",
                "label": "redes",
                "name": "redes",
                "type": "repeater",
                "instructions": "",
                "required": 0,
                "conditional_logic": 0,
                "wrapper": {
                    "width": "",
                    "class": "",
                    "id": ""
                },
                "collapsed": "",
                "min": 0,
                "max": 0,
                "layout": "table",
                "button_label": "",
                "sub_fields": [
                    {
                        "key": "field_60c03407ac547",
                        "label": "icono",
                        "name": "icono",
                        "type": "image",
                        "instructions": "",
                        "required": 0,
                        "conditional_logic": 0,
                        "wrapper": {
                            "width": "",
                            "class": "",
                            "id": ""
                        },
                        "return_format": "url",
                        "preview_size": "medium",
                        "library": "all",
                        "min_width": "",
                        "min_height": "",
                        "min_size": "",
                        "max_width": "",
                        "max_height": "",
                        "max_size": "",
                        "mime_types": ""
                    },
                    {
                        "key": "field_60c03410ac548",
                        "label": "enlace",
                        "name": "enlace",
                        "type": "text",
                        "instructions": "",
                        "required": 0,
                        "conditional_logic": 0,
                        "wrapper": {
                            "width": "",
                            "class": "",
                            "id": ""
                        },
                        "default_value": "",
                        "placeholder": "",
                        "prepend": "",
                        "append": "",
                        "maxlength": ""
                    }
                ]
            },
            {
                "key": "field_60c03421ac54a",
                "label": "Logos",
                "name": "",
                "type": "tab",
                "instructions": "",
                "required": 0,
                "conditional_logic": 0,
                "wrapper": {
                    "width": "",
                    "class": "",
                    "id": ""
                },
                "placement": "top",
                "endpoint": 0
            },
            {
                "key": "field_60c03429ac54b",
                "label": "logo top izquierda",
                "name": "logo_top_izquierda",
                "type": "image",
                "instructions": "",
                "required": 0,
                "conditional_logic": 0,
                "wrapper": {
                    "width": "",
                    "class": "",
                    "id": ""
                },
                "return_format": "url",
                "preview_size": "medium",
                "library": "all",
                "min_width": "",
                "min_height": "",
                "min_size": "",
                "max_width": "",
                "max_height": "",
                "max_size": "",
                "mime_types": ""
            },
            {
                "key": "field_60c03438ac54c",
                "label": "logo top derecha",
                "name": "logo_top_derecha",
                "type": "image",
                "instructions": "",
                "required": 0,
                "conditional_logic": 0,
                "wrapper": {
                    "width": "",
                    "class": "",
                    "id": ""
                },
                "return_format": "url",
                "preview_size": "medium",
                "library": "all",
                "min_width": "",
                "min_height": "",
                "min_size": "",
                "max_width": "",
                "max_height": "",
                "max_size": "",
                "mime_types": ""
            },
            {
                "key": "field_60c076a307793",
                "label": "favicon",
                "name": "favicon",
                "type": "image",
                "instructions": "",
                "required": 0,
                "conditional_logic": 0,
                "wrapper": {
                    "width": "",
                    "class": "",
                    "id": ""
                },
                "return_format": "url",
                "preview_size": "medium",
                "library": "all",
                "min_width": "",
                "min_height": "",
                "min_size": "",
                "max_width": "",
                "max_height": "",
                "max_size": "",
                "mime_types": ""
            },
            {
                "key": "field_60c0343dac54d",
                "label": "Analitycs",
                "name": "",
                "type": "tab",
                "instructions": "",
                "required": 0,
                "conditional_logic": 0,
                "wrapper": {
                    "width": "",
                    "class": "",
                    "id": ""
                },
                "placement": "top",
                "endpoint": 0
            },
            {
                "key": "field_60c03461ac54e",
                "label": "analytics head",
                "name": "analytics_head",
                "type": "textarea",
                "instructions": "",
                "required": 0,
                "conditional_logic": 0,
                "wrapper": {
                    "width": "",
                    "class": "",
                    "id": ""
                },
                "default_value": "",
                "placeholder": "",
                "maxlength": "",
                "rows": "",
                "new_lines": ""
            },
            {
                "key": "field_60c0346dac54f",
                "label": "analytics body",
                "name": "analytics_body",
                "type": "textarea",
                "instructions": "",
                "required": 0,
                "conditional_logic": 0,
                "wrapper": {
                    "width": "",
                    "class": "",
                    "id": ""
                },
                "default_value": "",
                "placeholder": "",
                "maxlength": "",
                "rows": "",
                "new_lines": ""
            },
            {
                "key": "field_60c035823558c",
                "label": "Copyright",
                "name": "",
                "type": "tab",
                "instructions": "",
                "required": 0,
                "conditional_logic": 0,
                "wrapper": {
                    "width": "",
                    "class": "",
                    "id": ""
                },
                "placement": "top",
                "endpoint": 0
            },
            {
                "key": "field_60c035bc3558d",
                "label": "texto copyright",
                "name": "texto_copyright",
                "type": "text",
                "instructions": "",
                "required": 0,
                "conditional_logic": 0,
                "wrapper": {
                    "width": "",
                    "class": "",
                    "id": ""
                },
                "default_value": "",
                "placeholder": "",
                "prepend": "",
                "append": "",
                "maxlength": ""
            },
            {
                "key": "field_60c1a0669081a",
                "label": "Footer",
                "name": "",
                "type": "tab",
                "instructions": "",
                "required": 0,
                "conditional_logic": 0,
                "wrapper": {
                    "width": "",
                    "class": "",
                    "id": ""
                },
                "placement": "top",
                "endpoint": 0
            },
            {
                "key": "field_60c1a06e9081b",
                "label": "columna 1",
                "name": "columna_1",
                "type": "wysiwyg",
                "instructions": "",
                "required": 0,
                "conditional_logic": 0,
                "wrapper": {
                    "width": "",
                    "class": "",
                    "id": ""
                },
                "default_value": "",
                "tabs": "all",
                "toolbar": "full",
                "media_upload": 0,
                "delay": 0
            },
            {
                "key": "field_60c1a07e9081c",
                "label": "columna 2",
                "name": "columna_2",
                "type": "wysiwyg",
                "instructions": "",
                "required": 0,
                "conditional_logic": 0,
                "wrapper": {
                    "width": "",
                    "class": "",
                    "id": ""
                },
                "default_value": "",
                "tabs": "all",
                "toolbar": "full",
                "media_upload": 0,
                "delay": 0
            }
        ],
        "location": [
            [
                {
                    "param": "options_page",
                    "operator": "==",
                    "value": "acf-options"
                }
            ]
        ],
        "menu_order": 0,
        "position": "normal",
        "style": "default",
        "label_placement": "top",
        "instruction_placement": "label",
        "hide_on_screen": "",
        "active": true,
        "description": ""
    }
]